{"cameraMode":{"drawMode":0,"name":"Shaded","section":"Shading Mode"},"sceneLighting":true,"audioPlay":false,"sceneViewState":{"showFog":true,"showMaterialUpdate":false,"showSkybox":true,"showFlares":true,"showImageEffects":true,"showParticleSystems":true},"in2DMode":false,"pivot":{"x":-9.422735214233399,"y":0.07168471813201904,"z":0.4226374626159668},"rotation":{"x":-0.308613121509552,"y":0.020587310194969178,"z":-0.006500286050140858,"w":-0.9509426355361939},"size":2.434394359588623,"orthographic":false}