{"cameraMode":{"drawMode":0,"name":"Shaded","section":"Shading Mode"},"sceneLighting":false,"audioPlay":false,"sceneViewState":{"showFog":true,"showMaterialUpdate":false,"showSkybox":true,"showFlares":true,"showImageEffects":true,"showParticleSystems":true},"in2DMode":false,"pivot":{"x":0.0037308931350708009,"y":0.0,"z":0.0042008934542536739},"rotation":{"x":0.009969080798327923,"y":0.9894236922264099,"z":-0.11810757964849472,"w":0.08361881971359253},"size":4.503438472747803,"orthographic":false}