{"cameraMode":{"drawMode":0,"name":"Shaded","section":"Shading Mode"},"sceneLighting":false,"audioPlay":false,"sceneViewState":{"showFog":true,"showMaterialUpdate":false,"showSkybox":true,"showFlares":true,"showImageEffects":true,"showParticleSystems":true},"in2DMode":false,"pivot":{"x":0.10232581198215485,"y":-0.12594136595726014,"z":0.3221530318260193},"rotation":{"x":-0.4752074182033539,"y":0.017695214599370958,"z":-0.009540887549519539,"w":-0.8796441555023193},"size":0.5493083596229553,"orthographic":false}